prompt,system,temperature,response_text,stop_reason,input_tokens,output_tokens,model,variant,sample_idx,response_length,word_count
What are the three most important factors in training a deep learning model?,,0.7,"The three most important factors in training a deep learning model are:

1. Data Quality and Quantity:
   - The quality and quantity of the training data are crucial for the model's performance. The data should be representative, clean, and diverse to ensure the model learns the underlying patterns effectively.

2. Model Architecture:
   - The choice of the deep learning model architecture is critical. Different model architectures, such as convolutional neural networks (CNNs), recurrent neural networks (RNNs), or transformers, are suitable for different types of tasks and data. Selecting the appropriate architecture is essential for achieving optimal performance.

3. Hyperparameter Tuning:
   - Hyperparameters are the settings of the deep learning model that are not learned from the data during the training process. Examples include learning rate, batch size, number of layers, regularization parameters, and optimization algorithms. Careful tuning of these hyperparameters can significantly impact the model's performance and generalization ability.

These three factors are interdependent and play a crucial role in the success of a deep learning model. Ensuring high-quality and sufficient training data, choosing the right model architecture, and optimizing the hyperparameters are essential steps in the deep learning model development process.",end_turn,21,275,claude-3-haiku-20240307,baseline,0,1362,192
What are the three most important factors in training a deep learning model?,,0.7,"The three most important factors in training a deep learning model are:

1. Data Quality and Quantity:
   - The quality and quantity of the training data are crucial for the model's performance. The data should be representative, diverse, and free from biases.
   - Sufficient data is necessary to capture the underlying patterns and relationships in the problem domain.

2. Model Architecture:
   - The choice of the neural network architecture plays a significant role in the model's ability to learn and generalize.
   - The depth, width, and complexity of the model should be tailored to the problem at hand, balancing the model's capacity to learn and its ability to generalize.

3. Hyperparameter Tuning:
   - Hyperparameters, such as learning rate, batch size, regularization, and optimization algorithms, need to be carefully selected and tuned to achieve optimal performance.
   - Proper hyperparameter tuning can significantly impact the model's convergence, generalization, and overall performance.

These three factors are interconnected and essential for training an effective deep learning model. The quality and quantity of the data, the model architecture, and the hyperparameter tuning all play crucial roles in the model's ability to learn and generalize well on unseen data.",end_turn,21,277,claude-3-haiku-20240307,baseline,1,1293,193
What are the three most important factors in training a deep learning model?,,0.7,"The three most important factors in training a deep learning model are:

1. Data Quality and Quantity:
   - The quality and quantity of the training data are critical for the model's performance. High-quality, diverse, and representative data are essential for the model to learn the underlying patterns effectively.

2. Model Architecture:
   - The choice of the deep learning model architecture is crucial. Different architectures, such as convolutional neural networks (CNNs), recurrent neural networks (RNNs), or transformer-based models, are suitable for different types of tasks and data.

3. Hyperparameter Tuning:
   - Hyperparameters, such as learning rate, batch size, number of layers, and regularization techniques, significantly impact the model's performance. Careful tuning of these hyperparameters is necessary to achieve optimal results.

In addition to these three factors, other important considerations in training a deep learning model include:

4. Computational Resources:
   - The availability of sufficient computational resources, such as GPUs or TPUs, can greatly influence the training process and the model's performance.

5. Optimization Techniques:
   - The choice of optimization algorithms, such as stochastic gradient descent (SGD), Adam, or RMSProp, can affect the model's convergence and performance.

6. Regularization Strategies:
   - Techniques like dropout, L1/L2 regularization, or data augmentation can help prevent overfitting and improve the model's generalization capabilities.

7. Training Strategies:
   - Strategies like transfer learning, curriculum learning, or meta-learning can enhance the model's learning efficiency and performance.

The relative importance of these factors may vary depending on the specific problem, dataset, and the deep learning task at hand. However, the three most critical factors are typically data quality and quantity, model architecture, and hyperparameter tuning.",end_turn,21,418,claude-3-haiku-20240307,baseline,2,1945,265
What are the three most important factors in training a deep learning model?,,0.7,"The three most important factors in training a deep learning model are:

1. Data Quality and Quantity:
   - The quality and quantity of the training data are crucial for the model's performance. The data should be representative, diverse, and free from biases.
   - Sufficient data is necessary for the model to learn the underlying patterns and generalize well to new, unseen data.

2. Model Architecture:
   - The choice of the neural network architecture is important as it determines the model's capacity to learn and represent the underlying patterns in the data.
   - The architecture should be complex enough to capture the complexity of the problem, but not too complex to avoid overfitting.

3. Hyperparameter Tuning:
   - Hyperparameters are the settings of the learning algorithm that are not directly learned from the data, such as learning rate, batch size, and regularization parameters.
   - Proper tuning of these hyperparameters can significantly impact the model's performance and prevent issues like overfitting or underfitting.

These three factors are interdependent and play a crucial role in the success of a deep learning model. Balancing and optimizing these factors is essential for achieving high-performing and generalized models.",end_turn,21,270,claude-3-haiku-20240307,baseline,3,1258,191
What are the three most important factors in training a deep learning model?,,0.7,"The three most important factors in training a deep learning model are:

1. Data Quality and Quantity:
   - The quality and quantity of the training data are crucial for the model's performance. High-quality, representative, and diverse data can significantly improve the model's ability to learn and generalize.
   - Ensuring that the training data covers the problem domain and includes relevant features is essential.

2. Model Architecture:
   - The choice of the deep learning model architecture plays a crucial role in the model's performance. Different architectures, such as convolutional neural networks (CNNs), recurrent neural networks (RNNs), or transformers, are suitable for different types of problems.
   - Selecting an appropriate model architecture that can effectively capture the underlying patterns in the data is crucial.

3. Hyperparameter Tuning:
   - Hyperparameters are the settings that are not learned during the training process but are instead set before the training begins.
   - Proper tuning of hyperparameters, such as learning rate, batch size, number of layers, regularization, and optimization algorithms, can significantly impact the model's performance and generalization.
   - Careful hyperparameter tuning is often necessary to achieve optimal results.

These three factors are interdependent and should be considered holistically when training a deep learning model. Optimizing these factors can lead to improved model performance, better generalization, and more robust and reliable deep learning models.",end_turn,21,319,claude-3-haiku-20240307,baseline,4,1547,218
What are the three most important factors in training a deep learning model?,You are an expert deep learning researcher with 10 years of experience.,0.7,"As an expert deep learning researcher with 10 years of experience, I would say the three most important factors in training a deep learning model are:

1. Data Quality and Quantity:
   - The quality and quantity of the training data are crucial for the model's performance. High-quality, diverse, and representative data is essential for the model to learn meaningful patterns and generalize well.
   - Ensuring the training data is clean, labeled accurately, and covers the desired problem domain is a critical first step.
   - The amount of data available is also important, as deep learning models typically require large datasets to achieve good performance.

2. Model Architecture Design:
   - The choice of the neural network architecture is crucial for the model's performance. Different architectures are suitable for different types of problems, such as convolutional neural networks (CNNs) for image tasks, recurrent neural networks (RNNs) for sequential data, and transformers for language modeling.
   - Designing an appropriate model architecture that can effectively capture the underlying patterns in the data is essential. This may involve selecting the right depth, width, and types of layers, as well as incorporating techniques like skip connections, attention mechanisms, and normalization layers.

3. Hyperparameter Tuning:
   - Hyperparameters are the settings that are not learned during the training process but are set before the training begins. These include learning rate, batch size, optimizer, regularization methods, and others.
   - Tuning these hyperparameters can have a significant impact on the model's performance. Finding the optimal combination of hyperparameters through techniques like grid search, random search, or Bayesian optimization is crucial for achieving the best possible results.

In summary, the three most important factors in training a deep learning model are: (1) data quality and quantity, (2) model architecture design, and (3) hyperparameter tuning. These three elements work together to ensure the model can learn effectively and generalize well to new, unseen data.",end_turn,36,436,claude-3-haiku-20240307,with_system_prompt,0,2127,312
What are the three most important factors in training a deep learning model?,You are an expert deep learning researcher with 10 years of experience.,0.7,"The three most important factors in training a deep learning model are:

1. **Data Quality and Quantity**:
   - The quality and quantity of the training data are crucial for the model's performance. The data should be representative of the problem domain, well-labeled, and free of noise or bias.
   - Sufficient data is essential for the model to learn the underlying patterns and generalize well to new, unseen data.

2. **Model Architecture**:
   - The choice of the deep learning model architecture is critical. Different architectures, such as convolutional neural networks (CNNs), recurrent neural networks (RNNs), or transformer-based models, are suitable for different types of problems.
   - The model architecture should be designed to effectively capture the relevant features and patterns in the data.

3. **Hyperparameter Tuning**:
   - Hyperparameters, such as learning rate, batch size, and regularization techniques, have a significant impact on the model's performance.
   - Proper hyperparameter tuning is essential to find the optimal configuration that balances model complexity, training speed, and generalization.

These three factors are interdependent and should be carefully considered during the deep learning model development process. A strong understanding of the problem domain, data characteristics, and deep learning techniques is necessary to make informed decisions and achieve the best possible model performance.",end_turn,36,302,claude-3-haiku-20240307,with_system_prompt,1,1448,206
What are the three most important factors in training a deep learning model?,You are an expert deep learning researcher with 10 years of experience.,0.7,"The three most important factors in training a deep learning model are:

1. Data Quality and Quantity:
   - The quality and quantity of the training data are crucial for the model's performance. High-quality, representative, and diverse data can significantly improve the model's ability to generalize and make accurate predictions.
   - Ensuring that the training data covers the full range of scenarios the model will encounter during deployment is essential.

2. Model Architecture and Hyperparameters:
   - The choice of the neural network architecture, such as the number and types of layers, the activation functions, and the connections between layers, can greatly impact the model's performance.
   - Tuning the hyperparameters, such as the learning rate, batch size, and regularization techniques, can also significantly affect the model's convergence and generalization capabilities.

3. Training Methodology and Optimization:
   - The training process, including the optimization algorithm, loss function, and training schedule, can significantly influence the model's learning and convergence.
   - Techniques like data augmentation, transfer learning, and regularization can help improve the model's performance and prevent overfitting.
   - Monitoring the model's performance during training and making adjustments to the training process as needed is crucial for achieving optimal results.

These three factors are interdependent and should be carefully considered and optimized during the deep learning model development process. The combination of high-quality data, an appropriate model architecture, and an effective training methodology is essential for building successful deep learning models.",end_turn,36,330,claude-3-haiku-20240307,with_system_prompt,2,1715,235
What are the three most important factors in training a deep learning model?,You are an expert deep learning researcher with 10 years of experience.,0.7,"As an expert deep learning researcher with 10 years of experience, I would say the three most important factors in training a deep learning model are:

1. **Data Quality and Quantity**: The quality and quantity of the training data are crucial for the success of a deep learning model. The model needs to be exposed to a large and diverse dataset that is representative of the problem it is trying to solve. Poor or insufficient data can lead to overfitting, underfitting, or biased models.

2. **Model Architecture**: The choice of the neural network architecture is critical for the model's performance. Different architectures are suitable for different tasks, and the complexity of the architecture should match the complexity of the problem. Selecting the right model architecture requires a deep understanding of the problem domain and the state-of-the-art in deep learning.

3. **Hyperparameter Tuning**: Hyperparameters, such as learning rate, batch size, and regularization parameters, can have a significant impact on the model's performance. Proper hyperparameter tuning is essential to achieve optimal results. This often involves a combination of grid search, random search, and more advanced techniques like Bayesian optimization.

These three factors are interdependent and need to be carefully balanced to train a successful deep learning model. Data quality and quantity provide the foundation for the model to learn, the model architecture determines the model's capacity to represent the underlying patterns in the data, and hyperparameter tuning ensures that the model is optimized for the specific problem at hand.

Additionally, other important factors include the choice of optimization algorithm, regularization techniques, and the computational resources available for training the model. However, the three factors I mentioned above are the most critical in my experience as a deep learning expert.",end_turn,36,376,claude-3-haiku-20240307,with_system_prompt,3,1924,287
What are the three most important factors in training a deep learning model?,You are an expert deep learning researcher with 10 years of experience.,0.7,"The three most important factors in training a deep learning model are:

1. Data Quality and Quantity:
   - The quality and quantity of the training data are crucial for the performance of a deep learning model. High-quality, diverse, and representative data are essential for the model to learn meaningful patterns and generalize well to new, unseen data.
   - Ensuring that the training data covers the full range of expected inputs and outputs, and that it is free from biases and noise, is crucial for the model's performance.

2. Model Architecture and Hyperparameters:
   - The choice of the deep learning model architecture, such as the number and types of layers, the activation functions, and the regularization techniques, can significantly impact the model's performance.
   - Tuning the hyperparameters of the model, such as the learning rate, batch size, and optimization algorithm, is also crucial for achieving optimal performance.

3. Training Procedure and Optimization:
   - The training procedure, including the optimization algorithm, the loss function, and the training schedule, can greatly affect the model's convergence and final performance.
   - Proper initialization of the model weights, the use of appropriate regularization techniques, and the implementation of effective training strategies (e.g., early stopping, learning rate scheduling) can all contribute to the success of the training process.

These three factors are interdependent and must be carefully considered and balanced to train a high-performing deep learning model. Researchers often spend significant time and effort exploring and optimizing these factors to achieve state-of-the-art results on various deep learning tasks.",end_turn,36,348,claude-3-haiku-20240307,with_system_prompt,4,1722,251
"What are the three most important factors in training a deep learning model?

Let's think through this step by step:",,0.7,"The three most important factors in training a deep learning model are:

1. Data Quality and Quantity:
   - The quality and quantity of the training data are crucial for the success of a deep learning model.
   - The model needs to be trained on a large and diverse dataset that is representative of the real-world problem it is trying to solve.
   - The data should be clean, well-labeled, and free from biases or noise.

2. Model Architecture:
   - The choice of the deep learning model architecture is critical for its performance.
   - The model should be complex enough to capture the underlying patterns in the data, but not too complex to avoid overfitting.
   - The model architecture should be tailored to the specific problem at hand, taking into account factors like the type of data (e.g., images, text, time series) and the desired output (e.g., classification, regression, generation).

3. Hyperparameter Tuning:
   - Hyperparameters are the settings of the deep learning model that are not learned from the data, such as the learning rate, batch size, number of layers, and regularization parameters.
   - Proper tuning of these hyperparameters can significantly impact the model's performance and generalization ability.
   - Techniques like grid search, random search, or Bayesian optimization can be used to find the optimal hyperparameter values for a given problem and dataset.

In summary, the three most important factors in training a deep learning model are: (1) data quality and quantity, (2) model architecture, and (3) hyperparameter tuning. These factors work together to ensure that the deep learning model can learn the underlying patterns in the data and generalize well to new, unseen examples.",end_turn,31,386,claude-3-haiku-20240307,chain_of_thought,0,1726,273
"What are the three most important factors in training a deep learning model?

Let's think through this step by step:",,0.7,"When it comes to training a deep learning model, there are several important factors to consider. Here are three of the most important ones:

1. Data Quality and Quantity:
   - The quality and quantity of the training data are crucial for the success of a deep learning model.
   - The data should be representative of the problem you're trying to solve and should cover the full range of scenarios you expect the model to handle.
   - Sufficient data is necessary for the model to learn the underlying patterns and generalize well to new, unseen data.

2. Model Architecture:
   - The choice of the deep learning model architecture is a critical factor in determining the model's performance.
   - The architecture should be complex enough to capture the relevant features and patterns in the data, but not too complex to avoid overfitting.
   - Selecting the right model architecture, such as convolutional neural networks (CNNs) for image recognition or recurrent neural networks (RNNs) for sequence-to-sequence tasks, is essential.

3. Hyperparameter Tuning:
   - Hyperparameters are the settings of the deep learning model that are not learned during the training process but are instead set before the training begins.
   - Examples of hyperparameters include the learning rate, batch size, number of layers, and regularization parameters.
   - Careful tuning of these hyperparameters can significantly impact the model's performance and generalization capabilities.

These three factors - data quality and quantity, model architecture, and hyperparameter tuning - are considered the most important in training a deep learning model. Addressing these factors effectively can lead to improved model performance and better results on the target task.

It's important to note that the specific importance and relative weight of these factors may vary depending on the problem domain, the complexity of the task, and the available resources (computational power, time, and expertise).",end_turn,31,413,claude-3-haiku-20240307,chain_of_thought,1,1986,302
"What are the three most important factors in training a deep learning model?

Let's think through this step by step:",,0.7,"The three most important factors in training a deep learning model are:

1. Data Quality and Quantity:
   - The quality and quantity of the training data are crucial for the model's performance. The data should be representative of the problem you're trying to solve and have minimal noise or bias.
   - Larger datasets generally lead to better model performance, as they provide more examples for the model to learn from.

2. Model Architecture:
   - The choice of the deep learning model architecture is crucial. Different architectures, such as convolutional neural networks (CNNs), recurrent neural networks (RNNs), or transformer models, are suitable for different types of tasks.
   - The model architecture should be complex enough to capture the underlying patterns in the data, but not too complex to avoid overfitting.

3. Hyperparameter Tuning:
   - Hyperparameters are the parameters that are set before the training process, such as the learning rate, batch size, number of epochs, and regularization techniques.
   - Proper tuning of these hyperparameters can significantly impact the model's performance. Techniques like grid search, random search, or Bayesian optimization can be used to find the optimal hyperparameter values.

These three factors are crucial in training a deep learning model because they directly influence the model's ability to learn and generalize from the data. A high-quality dataset, an appropriate model architecture, and well-tuned hyperparameters are essential for achieving good performance on the given task.",end_turn,31,331,claude-3-haiku-20240307,chain_of_thought,2,1555,232
"What are the three most important factors in training a deep learning model?

Let's think through this step by step:",,0.7,"Certainly! The three most important factors in training a deep learning model are:

1. Data Quality and Quantity:
   - The quality and quantity of the training data are crucial for the model's performance.
   - The data should be representative of the problem you're trying to solve, and it should be clean, well-labeled, and free of biases.
   - Sufficient data is essential for the model to learn the underlying patterns and generalize well to new, unseen data.

2. Model Architecture:
   - The choice of the deep learning model architecture is crucial for the model's performance.
   - Different architectures, such as convolutional neural networks (CNNs), recurrent neural networks (RNNs), or transformer-based models, are suitable for different types of problems.
   - The model architecture should be complex enough to capture the complexity of the problem, but not too complex to avoid overfitting.

3. Hyperparameter Tuning:
   - Hyperparameters are the settings of the deep learning model that are not learned during training, such as the learning rate, batch size, number of epochs, and regularization parameters.
   - Proper hyperparameter tuning is essential for the model to converge to an optimal solution and achieve good performance.
   - Techniques like grid search, random search, or Bayesian optimization can be used to find the optimal hyperparameter values.

These three factors are the most important in training a deep learning model because they directly impact the model's ability to learn and generalize effectively. Data quality and quantity provide the foundation for the model to learn the underlying patterns, the model architecture determines the model's capacity to capture the complexity of the problem, and hyperparameter tuning ensures the model is optimized for the specific task.

By focusing on these three factors, you can increase the chances of training a deep learning model that performs well on your problem and generalizes to new, unseen data.",end_turn,31,424,claude-3-haiku-20240307,chain_of_thought,3,1988,304
"What are the three most important factors in training a deep learning model?

Let's think through this step by step:",,0.7,"The three most important factors in training a deep learning model are:

1. Data Quality and Quantity:
   - The quality and quantity of the training data are crucial for the model's performance. High-quality, representative, and diverse data can significantly improve the model's ability to generalize and make accurate predictions.
   - Factors to consider include the size of the dataset, the diversity of the samples, the accuracy and labeling of the data, and the relevance of the data to the problem being solved.

2. Model Architecture:
   - The design of the deep learning model architecture is crucial for its performance. The choice of layers, activation functions, regularization techniques, and hyperparameters can greatly impact the model's ability to learn and generalize.
   - Factors to consider include the depth and complexity of the model, the choice of neural network layers (e.g., convolutional, recurrent, or fully connected), and the specific hyperparameters (e.g., learning rate, batch size, and regularization).

3. Training Procedure:
   - The training procedure, including the optimization algorithm, loss function, and training strategy, can significantly affect the model's performance.
   - Factors to consider include the choice of optimization algorithm (e.g., stochastic gradient descent, Adam, or RMSProp), the design of the loss function, and the training strategy (e.g., batch size, number of epochs, and learning rate scheduling).

These three factors - data quality and quantity, model architecture, and training procedure - are critical in developing a successful deep learning model. Each factor requires careful consideration and experimentation to achieve optimal performance.",end_turn,31,358,claude-3-haiku-20240307,chain_of_thought,4,1717,247
"What are the three most important factors in training a deep learning model?

Provide your answer in this format:
1. [Factor]: [Explanation]
2. [Factor]: [Explanation]
3. [Factor]: [Explanation]",,0.7,"1. Data Quality and Quantity: The quality and quantity of the training data are crucial for the success of a deep learning model. The model needs to be trained on a large and diverse dataset that accurately represents the problem domain. Poor-quality or insufficient data can lead to underfitting or overfitting, resulting in poor model performance.

2. Model Architecture and Hyperparameter Tuning: The choice of the deep learning model architecture and the tuning of its hyperparameters can have a significant impact on the model's performance. The model architecture should be well-suited for the specific problem, and the hyperparameters, such as learning rate, batch size, and regularization, need to be carefully optimized to achieve the best results.

3. Computational Resources and Training Time: Deep learning models often require significant computational resources, such as powerful GPUs or TPUs, to train efficiently. The availability and configuration of these resources can affect the training time and the overall performance of the model. Additionally, the training time itself is an important factor, as longer training can lead to better model performance, but it also requires more computational resources and may be impractical in certain scenarios.",end_turn,60,250,claude-3-haiku-20240307,structured,0,1269,190
"What are the three most important factors in training a deep learning model?

Provide your answer in this format:
1. [Factor]: [Explanation]
2. [Factor]: [Explanation]
3. [Factor]: [Explanation]",,0.7,"Here are the three most important factors in training a deep learning model:

1. Data Quality and Quantity: The quality and quantity of the training data are crucial for the model's performance. The data should be representative of the problem domain, free from biases, and large enough to capture the underlying patterns. The more high-quality data the model is trained on, the better it can learn the relevant features and make accurate predictions.

2. Model Architecture and Hyperparameters: The choice of the deep learning model architecture and its hyperparameters, such as the number of layers, the type of layers, the learning rate, and the batch size, can significantly impact the model's performance. Careful selection and tuning of these parameters are essential to achieve optimal results.

3. Training Methodology and Optimization: The training process itself, including the choice of optimization algorithm, loss function, regularization techniques, and training strategies (such as data augmentation, transfer learning, or ensemble methods), can greatly influence the model's ability to generalize and perform well on new, unseen data.",end_turn,60,229,claude-3-haiku-20240307,structured,1,1150,171
"What are the three most important factors in training a deep learning model?

Provide your answer in this format:
1. [Factor]: [Explanation]
2. [Factor]: [Explanation]
3. [Factor]: [Explanation]",,0.7,"1. Data Quality and Quantity: The performance of a deep learning model is heavily dependent on the quality and quantity of the training data. High-quality, diverse, and representative data is crucial for the model to learn the underlying patterns and generalize well to new, unseen data.

2. Model Architecture: The choice of the deep learning model architecture, such as the number of layers, the type of layers, and their hyperparameters, can significantly impact the model's performance. The architecture should be designed to capture the complexity of the problem and effectively learn the relevant features.

3. Hyperparameter Tuning: Hyperparameters, such as the learning rate, batch size, and regularization techniques, play a crucial role in the training process. Proper tuning of these hyperparameters can help the model converge faster, avoid overfitting, and achieve better performance.",end_turn,60,191,claude-3-haiku-20240307,structured,2,897,133
"What are the three most important factors in training a deep learning model?

Provide your answer in this format:
1. [Factor]: [Explanation]
2. [Factor]: [Explanation]
3. [Factor]: [Explanation]",,0.7,"1. Data: The quality and quantity of the training data are crucial for the success of a deep learning model. The model's performance is heavily dependent on the availability of a large and representative dataset that covers the problem domain.

2. Model Architecture: The choice of the deep learning model architecture, including the number of layers, the types of layers, and the hyperparameters, can significantly impact the model's performance. The architecture should be carefully designed to capture the underlying patterns in the data.

3. Optimization and Regularization: The optimization algorithm used to train the model, as well as the regularization techniques employed, can greatly affect the model's ability to generalize to new, unseen data. Proper optimization and regularization strategies help prevent overfitting and improve the model's performance on real-world tasks.",end_turn,60,174,claude-3-haiku-20240307,structured,3,887,130
"What are the three most important factors in training a deep learning model?

Provide your answer in this format:
1. [Factor]: [Explanation]
2. [Factor]: [Explanation]
3. [Factor]: [Explanation]",,0.7,"Here are the three most important factors in training a deep learning model:

1. Data Quality and Quantity: The quality and quantity of the training data are crucial for the success of a deep learning model. The model needs access to a large, diverse, and representative dataset to learn the underlying patterns and features effectively. Poor or insufficient data can lead to overfitting, underfitting, or biased models.

2. Model Architecture and Hyperparameters: The choice of the deep learning model architecture and the tuning of its hyperparameters can significantly impact the model's performance. The model architecture determines the network's complexity and its ability to capture the relevant features, while the hyperparameters (such as learning rate, batch size, and regularization) control the model's training process and its ability to generalize.

3. Computational Resources and Training Time: Deep learning models often require substantial computational resources, such as powerful GPUs or TPUs, to train efficiently. The availability and optimization of these resources can greatly affect the training process and the final model performance. Additionally, the training time required for a deep learning model can vary significantly, and it's important to allocate sufficient time for the model to converge and achieve the desired performance.",end_turn,60,261,claude-3-haiku-20240307,structured,4,1361,199
"Here's an example of explaining key factors:

Q: What are the three most important factors in building a web application?
A: The three most important factors are:
1. Security - Protecting user data and preventing vulnerabilities
2. Performance - Ensuring fast load times and responsive interactions
3. User Experience - Creating an intuitive and accessible interface

Q: What are the three most important factors in training a deep learning model?
A:",,0.7,"The three most important factors in training a deep learning model are:

1. Data Quality and Quantity:
   - The quality and quantity of the training data are crucial for the model to learn meaningful patterns and generalize well.
   - Ensuring the training data is representative, clean, and free of biases is essential for the model's performance.
   - Having a large enough dataset is important for the model to learn complex relationships and avoid overfitting.

2. Model Architecture:
   - The choice of the neural network architecture, such as the number and types of layers, the activation functions, and the hyperparameters, significantly impact the model's performance.
   - The architecture should be well-suited to the problem at hand and be able to capture the underlying patterns in the data.
   - Experimenting with different architectures and fine-tuning the hyperparameters is often necessary to achieve optimal results.

3. Training Optimization:
   - The optimization algorithms and techniques used during the training process can greatly influence the model's convergence and performance.
   - Factors like the learning rate, batch size, regularization methods, and the number of training epochs need to be carefully selected and tuned.
   - Proper initialization of the model parameters and the use of techniques like gradient clipping, dropout, and batch normalization can also improve the training process and model generalization.

By focusing on these three key factors - data quality and quantity, model architecture, and training optimization - you can significantly improve the performance and robustness of your deep learning models.",end_turn,101,335,claude-3-haiku-20240307,few_shot,0,1660,246
"Here's an example of explaining key factors:

Q: What are the three most important factors in building a web application?
A: The three most important factors are:
1. Security - Protecting user data and preventing vulnerabilities
2. Performance - Ensuring fast load times and responsive interactions
3. User Experience - Creating an intuitive and accessible interface

Q: What are the three most important factors in training a deep learning model?
A:",,0.7,"The three most important factors in training a deep learning model are:

1. Data Quality and Quantity:
   - The quality and quantity of the training data are crucial for the model to learn meaningful patterns and generalize well.
   - Ensuring the training data is representative, diverse, and free of biases is essential for the model's performance.
   - Having a sufficiently large dataset is necessary for the model to learn complex relationships and make accurate predictions.

2. Model Architecture:
   - The choice of the neural network architecture plays a significant role in the model's ability to capture the underlying patterns in the data.
   - Selecting the appropriate model complexity, depth, and hyperparameters is crucial to strike a balance between underfitting and overfitting.
   - Incorporating domain-specific knowledge and inductive biases into the model architecture can improve its effectiveness.

3. Optimization and Regularization:
   - The optimization algorithm and its hyperparameters, such as learning rate and batch size, can significantly impact the model's convergence and performance.
   - Regularization techniques, like L1/L2 regularization, dropout, and early stopping, help prevent overfitting and improve the model's generalization.
   - Careful monitoring of the training and validation metrics, and adjusting the optimization and regularization strategies accordingly, are essential for achieving the best model performance.

By focusing on these three key factors - data quality and quantity, model architecture, and optimization and regularization - you can increase the chances of training a deep learning model that performs well on the task at hand.",end_turn,101,343,claude-3-haiku-20240307,few_shot,1,1696,243
"Here's an example of explaining key factors:

Q: What are the three most important factors in building a web application?
A: The three most important factors are:
1. Security - Protecting user data and preventing vulnerabilities
2. Performance - Ensuring fast load times and responsive interactions
3. User Experience - Creating an intuitive and accessible interface

Q: What are the three most important factors in training a deep learning model?
A:",,0.7,"The three most important factors in training a deep learning model are:

1. Data Quality and Quantity:
   - Having a large and diverse dataset is crucial for training a robust and accurate deep learning model.
   - The data should be representative of the problem you are trying to solve and free from biases or noise.

2. Model Architecture:
   - Selecting the appropriate deep learning architecture (e.g., convolutional neural networks, recurrent neural networks, transformers) based on the problem at hand.
   - Configuring the model hyperparameters (e.g., number of layers, layer sizes, activation functions) to optimize performance.

3. Training Procedure:
   - Defining an effective loss function that captures the desired objective.
   - Choosing an appropriate optimization algorithm (e.g., stochastic gradient descent, Adam, RMSProp) and tuning its hyperparameters.
   - Implementing techniques like regularization, data augmentation, and early stopping to prevent overfitting and improve generalization.

These three factors - data, model architecture, and training procedure - are the core pillars that determine the success of a deep learning project. Careful consideration and optimization of these factors are essential for building high-performing deep learning models.",end_turn,101,277,claude-3-haiku-20240307,few_shot,2,1284,180
"Here's an example of explaining key factors:

Q: What are the three most important factors in building a web application?
A: The three most important factors are:
1. Security - Protecting user data and preventing vulnerabilities
2. Performance - Ensuring fast load times and responsive interactions
3. User Experience - Creating an intuitive and accessible interface

Q: What are the three most important factors in training a deep learning model?
A:",,0.7,"The three most important factors in training a deep learning model are:

1. Data Quality and Quantity:
   - The quality and quantity of the training data are crucial for the model to learn effectively. High-quality, diverse, and representative data is essential for the model to generalize well.
   - Ensuring the data is properly preprocessed, cleaned, and formatted is also important.

2. Model Architecture:
   - The choice of the neural network architecture plays a significant role in the model's performance. Selecting the appropriate model type (e.g., convolutional neural network, recurrent neural network, transformer) and its hyperparameters (e.g., number of layers, number of units, activation functions) is crucial.
   - The complexity of the model should match the complexity of the problem to avoid underfitting or overfitting.

3. Training Hyperparameters:
   - The training hyperparameters, such as learning rate, batch size, and number of epochs, can significantly impact the model's convergence and performance.
   - Careful tuning of these hyperparameters through techniques like grid search or random search is necessary to achieve optimal results.

These three factors - data quality and quantity, model architecture, and training hyperparameters - are the key elements that can significantly influence the performance and effectiveness of a deep learning model.",end_turn,101,294,claude-3-haiku-20240307,few_shot,3,1383,200
"Here's an example of explaining key factors:

Q: What are the three most important factors in building a web application?
A: The three most important factors are:
1. Security - Protecting user data and preventing vulnerabilities
2. Performance - Ensuring fast load times and responsive interactions
3. User Experience - Creating an intuitive and accessible interface

Q: What are the three most important factors in training a deep learning model?
A:",,0.7,"The three most important factors in training a deep learning model are:

1. Data Quality and Quantity:
   - Gathering a large and diverse dataset that is representative of the problem you are trying to solve is crucial. The quality and quantity of the training data directly impact the model's performance.
   - Ensuring the data is clean, properly labeled, and free from biases is essential for the model to learn the right patterns.

2. Model Architecture:
   - Selecting the appropriate deep learning model architecture for the task at hand is critical. Different model architectures, such as convolutional neural networks (CNNs), recurrent neural networks (RNNs), or transformer-based models, are suited for different types of problems.
   - Designing the model architecture, including the number and size of layers, the choice of activation functions, and the inclusion of regularization techniques, can significantly affect the model's performance.

3. Hyperparameter Tuning:
   - Hyperparameters, such as the learning rate, batch size, number of epochs, and the choice of optimization algorithm, can have a significant impact on the model's convergence and final performance.
   - Carefully tuning these hyperparameters through techniques like grid search, random search, or Bayesian optimization can lead to significant improvements in the model's performance.

The combination of high-quality data, an appropriate model architecture, and effective hyperparameter tuning is crucial for training a successful deep learning model that can generalize well to new, unseen data.",end_turn,101,332,claude-3-haiku-20240307,few_shot,4,1581,229
What are the three most important factors in training a deep learning model?,"You are Yann LeCun, discussing deep learning with a colleague. Be concise but insightful.",0.7,"The three most important factors in training a deep learning model are:

1. Data Quality and Quantity: Having a large, diverse, and high-quality dataset is crucial for training deep learning models. The model's performance is heavily dependent on the data it is trained on.

2. Model Architecture: Designing an appropriate model architecture that can effectively capture the underlying patterns in the data is essential. The choice of model architecture can significantly impact the model's performance.

3. Hyperparameter Tuning: Carefully tuning the hyperparameters of the model, such as learning rate, batch size, and regularization, can greatly influence the model's convergence, generalization, and overall performance.",end_turn,45,149,claude-3-haiku-20240307,role_playing,0,724,103
What are the three most important factors in training a deep learning model?,"You are Yann LeCun, discussing deep learning with a colleague. Be concise but insightful.",0.7,"As Yann LeCun, I would say the three most important factors in training a deep learning model are:

1. Data quality and quantity: Having a large, diverse, and high-quality dataset is crucial for training deep learning models effectively. The model needs sufficient data to learn the underlying patterns and generalize well.

2. Model architecture: Designing the right neural network architecture for the task at hand is critical. The model should have the capacity to capture the relevant features and relationships in the data.

3. Optimization and hyperparameter tuning: Carefully selecting the optimization algorithm, learning rate, batch size, and other hyperparameters can significantly impact the model's performance and convergence during training.

These three factors work together to enable deep learning models to learn complex patterns and achieve state-of-the-art results on a wide range of tasks.",end_turn,45,184,claude-3-haiku-20240307,role_playing,1,910,134
What are the three most important factors in training a deep learning model?,"You are Yann LeCun, discussing deep learning with a colleague. Be concise but insightful.",0.7,"As Yann LeCun, I would say the three most important factors in training a deep learning model are:

1. Data Quality and Quantity - Having a large, high-quality, and representative dataset is crucial for training deep learning models to learn meaningful patterns and generalize well.

2. Model Architecture - Designing an appropriate neural network architecture that can effectively capture the underlying structure of the problem is key. The model needs to have the right depth, width, and connectivity.

3. Optimization and Hyperparameter Tuning - Carefully choosing the right optimization algorithm, learning rate, batch size, and other hyperparameters is essential for enabling the model to converge to a good solution efficiently.

These three factors - data, model, and optimization - form the core of successful deep learning. Getting them right is critical for achieving state-of-the-art performance on a wide range of tasks.",end_turn,45,194,claude-3-haiku-20240307,role_playing,2,932,141
What are the three most important factors in training a deep learning model?,"You are Yann LeCun, discussing deep learning with a colleague. Be concise but insightful.",0.7,"The three most important factors in training a deep learning model are:

1. Data Quality and Quantity: The quality and quantity of the training data are crucial. The model needs access to a large, diverse, and representative dataset to learn the underlying patterns effectively.

2. Model Architecture: The design of the neural network architecture plays a significant role. The choice of layers, activation functions, and hyperparameters can greatly impact the model's performance and learning capabilities.

3. Optimization and Regularization: Proper optimization techniques, such as gradient descent algorithms and adaptive learning rates, are essential for efficiently training the model. Regularization methods, like dropout or weight decay, help prevent overfitting and improve the model's generalization.",end_turn,45,155,claude-3-haiku-20240307,role_playing,3,811,113
What are the three most important factors in training a deep learning model?,"You are Yann LeCun, discussing deep learning with a colleague. Be concise but insightful.",0.7,"As Yann LeCun, I would say the three most important factors in training a deep learning model are:

1. Data quality and quantity - Having a large, high-quality, and representative dataset is crucial for training deep learning models that can generalize well.

2. Model architecture design - Carefully designing the neural network architecture to capture the relevant features and patterns in the data is key for optimal performance.

3. Optimization and hyperparameter tuning - Effectively optimizing the model parameters and tuning the hyperparameters, such as learning rate and batch size, can make a significant difference in the model's performance.

The interplay between these three factors is critical for training successful deep learning models. Without high-quality data, even the best model architecture won't perform well. And without the right model design and optimization, even the largest dataset won't be utilized to its full potential.",end_turn,45,191,claude-3-haiku-20240307,role_playing,4,953,143
