prompt,system,temperature,response_text,stop_reason,input_tokens,output_tokens,model,sample_idx,response_length,word_count
Name three creative uses for artificial intelligence in healthcare.,You are a creative AI assistant.,0.0,"Here are three creative uses for artificial intelligence in healthcare:

1. AI-Powered Medical Imaging Analysis: AI algorithms can be trained to analyze medical images like X-rays, CT scans, and MRIs with superhuman accuracy. This can help doctors detect diseases and abnormalities earlier, leading to faster diagnoses and better patient outcomes.

2. Personalized Treatment Recommendations: AI systems can analyze a patient's medical history, genetics, and other data to recommend personalized treatment plans. This could lead to more effective, tailored therapies that take into account each individual's unique needs.

3. Virtual Nursing Assistants: AI-powered chatbots and virtual assistants can provide 24/7 support to patients, answering questions, monitoring symptoms, and even triaging minor issues. This could improve access to care, especially in underserved areas, and free up human healthcare providers to focus on more complex cases.

These are just a few examples of how AI can be creatively applied in the healthcare sector to improve patient outcomes, increase efficiency, and push the boundaries of modern medicine. The possibilities are truly exciting as this technology continues to advance.",end_turn,24,247,claude-3-haiku-20240307,0,1210,174
Name three creative uses for artificial intelligence in healthcare.,You are a creative AI assistant.,0.0,"Here are three creative uses for artificial intelligence in healthcare:

1. AI-Powered Medical Imaging Analysis: AI algorithms can be trained to analyze medical images like X-rays, CT scans, and MRIs with superhuman accuracy. This can help doctors detect diseases and abnormalities earlier, leading to faster diagnoses and better patient outcomes.

2. Personalized Treatment Recommendations: AI systems can analyze a patient's medical history, genetics, and other data to recommend personalized treatment plans. This could lead to more effective, tailored therapies that take into account each individual's unique needs.

3. Virtual Nursing Assistants: AI-powered chatbots and virtual assistants can provide 24/7 support to patients, answering questions, monitoring symptoms, and even triaging minor issues. This could improve access to care, especially in underserved areas, and free up human healthcare providers to focus on more complex cases.

These are just a few examples of how AI can be creatively applied in the healthcare sector to improve patient outcomes, increase efficiency, and transform the delivery of medical services. The possibilities are vast as the technology continues to advance.",end_turn,24,246,claude-3-haiku-20240307,1,1203,173
Name three creative uses for artificial intelligence in healthcare.,You are a creative AI assistant.,0.0,"Here are three creative uses for artificial intelligence in healthcare:

1. AI-Powered Medical Imaging Analysis: AI algorithms can be trained to analyze medical images like X-rays, CT scans, and MRIs with superhuman accuracy. This can help doctors detect diseases and abnormalities earlier, leading to faster diagnoses and better patient outcomes.

2. Personalized Treatment Recommendations: AI systems can analyze a patient's medical history, genetics, and other data to recommend personalized treatment plans. This could lead to more effective, tailored therapies that take into account each individual's unique needs.

3. Virtual Nursing Assistants: AI-powered chatbots and virtual assistants can provide 24/7 support to patients, answering questions, monitoring symptoms, and even triaging minor issues. This could improve access to care, especially in underserved areas, and free up human healthcare providers to focus on more complex cases.

These are just a few examples of how AI can be creatively applied in the healthcare sector to improve patient outcomes, increase efficiency, and transform the delivery of medical services. The possibilities are vast as the technology continues to advance.",end_turn,24,246,claude-3-haiku-20240307,2,1203,173
Name three creative uses for artificial intelligence in healthcare.,You are a creative AI assistant.,0.0,"Here are three creative uses for artificial intelligence in healthcare:

1. AI-Powered Medical Imaging Analysis: AI algorithms can be trained to analyze medical images like X-rays, CT scans, and MRIs with superhuman accuracy. This can help doctors detect diseases and abnormalities earlier, leading to faster diagnoses and better patient outcomes.

2. Personalized Treatment Recommendations: AI systems can analyze a patient's medical history, genetics, and other data to recommend personalized treatment plans. This could lead to more effective, tailored therapies that take into account each individual's unique needs.

3. Virtual Nursing Assistants: AI-powered chatbots and virtual assistants can provide 24/7 support to patients, answering questions, monitoring symptoms, and even triaging minor issues. This could improve access to care, especially in underserved areas, and free up human healthcare providers to focus on more complex cases.

These are just a few examples of how AI can be creatively applied in the healthcare sector to improve patient outcomes, increase efficiency, and transform the delivery of medical services. The possibilities are vast as the technology continues to advance.",end_turn,24,246,claude-3-haiku-20240307,3,1203,173
Name three creative uses for artificial intelligence in healthcare.,You are a creative AI assistant.,0.0,"Here are three creative uses for artificial intelligence in healthcare:

1. AI-Powered Medical Imaging Analysis: AI algorithms can be trained to analyze medical images like X-rays, CT scans, and MRIs with superhuman accuracy. This can help doctors detect diseases and abnormalities earlier, leading to faster diagnoses and better patient outcomes.

2. Personalized Treatment Recommendations: AI systems can analyze a patient's medical history, genetics, and other data to recommend personalized treatment plans. This could lead to more effective, tailored therapies that take into account each individual's unique needs.

3. Virtual Nursing Assistants: AI-powered chatbots and virtual assistants can provide 24/7 support to patients, answering questions, monitoring symptoms, and even triaging minor issues. This could improve access to care, especially in underserved areas, and free up human healthcare providers to focus on more complex cases.

These are just a few examples of how AI can be creatively applied in the healthcare sector to improve patient outcomes, increase efficiency, and transform the delivery of medical services. The possibilities are vast as the technology continues to advance.",end_turn,24,246,claude-3-haiku-20240307,4,1203,173
Name three creative uses for artificial intelligence in healthcare.,You are a creative AI assistant.,0.0,"Here are three creative uses for artificial intelligence in healthcare:

1. AI-Powered Medical Imaging Analysis: AI algorithms can be trained to analyze medical images like X-rays, CT scans, and MRIs with superhuman accuracy. This can help doctors detect diseases and abnormalities earlier, leading to faster diagnoses and better patient outcomes.

2. Personalized Treatment Recommendations: AI systems can analyze a patient's medical history, genetics, and other data to recommend personalized treatment plans. This could lead to more effective, tailored therapies that take into account each individual's unique needs.

3. Virtual Nursing Assistants: AI-powered chatbots and virtual assistants can provide 24/7 support to patients, answering questions, monitoring symptoms, and even triaging minor issues. This could improve access to care, especially in underserved areas, and free up human healthcare providers to focus on more complex cases.

These are just a few examples of how AI can be creatively applied in the healthcare sector to improve patient outcomes, increase efficiency, and transform the delivery of medical services. The possibilities are vast as the technology continues to advance.",end_turn,24,246,claude-3-haiku-20240307,5,1203,173
Name three creative uses for artificial intelligence in healthcare.,You are a creative AI assistant.,0.0,"Here are three creative uses for artificial intelligence in healthcare:

1. AI-Powered Medical Imaging Analysis: AI algorithms can be trained to analyze medical images like X-rays, CT scans, and MRIs with superhuman accuracy. This can help doctors detect diseases and abnormalities earlier, leading to faster diagnoses and better patient outcomes.

2. Personalized Treatment Recommendations: AI systems can analyze a patient's medical history, genetics, and other data to recommend personalized treatment plans. This could lead to more effective, tailored therapies that take into account each individual's unique needs.

3. Virtual Nursing Assistants: AI-powered chatbots and virtual assistants can provide 24/7 support to patients, answering questions, monitoring symptoms, and even triaging minor issues. This could improve access to care, especially in underserved areas, and free up human healthcare providers to focus on more complex cases.

These are just a few examples of how AI can be creatively applied in the healthcare sector to improve patient outcomes, increase efficiency, and transform the delivery of medical services. The possibilities are vast as the technology continues to advance.",end_turn,24,246,claude-3-haiku-20240307,6,1203,173
Name three creative uses for artificial intelligence in healthcare.,You are a creative AI assistant.,0.0,"Here are three creative uses for artificial intelligence in healthcare:

1. AI-Powered Medical Imaging Analysis: AI algorithms can be trained to analyze medical images like X-rays, CT scans, and MRIs with superhuman accuracy. This can help doctors detect diseases and abnormalities earlier, leading to faster diagnoses and better patient outcomes.

2. Personalized Treatment Recommendations: AI systems can analyze a patient's medical history, genetics, and other data to recommend personalized treatment plans. This could lead to more effective, tailored therapies that take into account each individual's unique needs.

3. Virtual Nursing Assistants: AI-powered chatbots and virtual assistants can provide 24/7 support to patients, answering questions, monitoring symptoms, and even triaging minor issues. This could improve access to care, especially in underserved areas, and free up human healthcare providers to focus on more complex cases.

These are just a few examples of how AI can be creatively applied in the healthcare sector to improve patient outcomes, increase efficiency, and push the boundaries of modern medicine. The possibilities are truly exciting as this technology continues to advance.",end_turn,24,247,claude-3-haiku-20240307,7,1210,174
Name three creative uses for artificial intelligence in healthcare.,You are a creative AI assistant.,0.0,"Here are three creative uses for artificial intelligence in healthcare:

1. AI-Powered Medical Imaging Analysis: AI algorithms can be trained to analyze medical images like X-rays, CT scans, and MRIs with superhuman accuracy. This can help doctors detect diseases and abnormalities earlier, leading to faster diagnoses and better patient outcomes.

2. Personalized Treatment Recommendations: AI systems can analyze a patient's medical history, genetics, and other data to recommend personalized treatment plans. This could lead to more effective, tailored therapies that take into account each individual's unique needs.

3. Virtual Nursing Assistants: AI-powered chatbots and virtual assistants can provide 24/7 support to patients, answering questions, monitoring symptoms, and even triaging minor issues. This could improve access to care, especially in underserved areas, and free up human healthcare providers to focus on more complex cases.

These are just a few examples of how AI can be creatively applied in the healthcare sector to improve patient outcomes, increase efficiency, and transform the delivery of medical services. The possibilities are vast as the technology continues to advance.",end_turn,24,246,claude-3-haiku-20240307,8,1203,173
Name three creative uses for artificial intelligence in healthcare.,You are a creative AI assistant.,0.0,"Here are three creative uses for artificial intelligence in healthcare:

1. AI-Powered Medical Imaging Analysis: AI algorithms can be trained to analyze medical images like X-rays, CT scans, and MRIs with superhuman accuracy. This can help doctors detect diseases and abnormalities earlier, leading to faster diagnoses and better patient outcomes.

2. Personalized Treatment Recommendations: AI systems can analyze a patient's medical history, genetics, and other data to recommend personalized treatment plans. This could lead to more effective, tailored therapies that take into account each individual's unique needs.

3. Virtual Nursing Assistants: AI-powered chatbots and virtual assistants can provide 24/7 support to patients, answering questions, monitoring symptoms, and even triaging minor issues. This could improve access to care, especially in underserved areas, and free up human healthcare providers to focus on more complex cases.

These are just a few examples of how AI can be creatively applied in the healthcare sector to improve patient outcomes, increase efficiency, and transform the delivery of medical services. The possibilities are vast as the technology continues to advance.",end_turn,24,246,claude-3-haiku-20240307,9,1203,173
Name three creative uses for artificial intelligence in healthcare.,You are a creative AI assistant.,0.3,"Here are three creative uses for artificial intelligence in healthcare:

1. AI-Powered Medical Imaging Analysis: AI algorithms can be trained to analyze medical images like X-rays, CT scans, and MRIs with superhuman speed and accuracy. This can help doctors detect diseases and abnormalities earlier, leading to faster diagnoses and better patient outcomes.

2. Personalized Treatment Recommendations: AI systems can analyze a patient's medical history, genetic data, and other relevant information to recommend personalized treatment plans. This could lead to more effective, tailored therapies that take into account each individual's unique biology and needs.

3. Virtual Nursing Assistants: AI-powered chatbots and virtual assistants can be used to provide 24/7 support and guidance to patients. These virtual nurses can answer questions, provide wellness tips, monitor symptoms, and even escalate issues to human healthcare providers when necessary, improving access to care.

These are just a few examples of how AI can be creatively applied in the healthcare sector to enhance medical capabilities, improve patient experiences, and ultimately save lives. The potential for AI in healthcare is vast and continues to grow as the technology advances.",end_turn,24,251,claude-3-haiku-20240307,0,1254,182
Name three creative uses for artificial intelligence in healthcare.,You are a creative AI assistant.,0.3,"Here are three creative uses for artificial intelligence in healthcare:

1. Personalized Treatment Recommendations: AI algorithms can analyze a patient's medical history, genetic data, and other relevant information to provide personalized treatment recommendations. This could help healthcare providers deliver more tailored and effective therapies, improving patient outcomes.

2. Early Disease Detection: AI-powered diagnostic tools can scan medical images, such as X-rays or MRI scans, to detect signs of disease or health issues at an early stage. This could enable earlier interventions and potentially better prognoses for patients.

3. Virtual Nursing Assistants: AI-powered chatbots or virtual assistants could be used to provide 24/7 support and guidance to patients, answering questions, providing reminders, and even monitoring symptoms. This could help improve patient engagement, adherence to treatment plans, and overall healthcare outcomes.

These are just a few examples of how AI can be used creatively in the healthcare sector. As the technology continues to evolve, we can expect to see even more innovative applications that can enhance patient care, streamline medical processes, and improve overall healthcare delivery.",end_turn,24,243,claude-3-haiku-20240307,1,1242,174
Name three creative uses for artificial intelligence in healthcare.,You are a creative AI assistant.,0.3,"Here are three creative uses for artificial intelligence in healthcare:

1. AI-Powered Medical Imaging Analysis: AI algorithms can be trained to analyze medical images like X-rays, CT scans, and MRIs with superhuman speed and accuracy. This can help clinicians detect diseases and abnormalities earlier, leading to faster diagnoses and better patient outcomes.

2. Personalized Treatment Recommendations: AI systems can analyze a patient's medical history, genetics, and other data to recommend personalized treatment plans. This could involve suggesting the most effective medications, dosages, or even lifestyle changes tailored to the individual.

3. Virtual Nursing Assistants: AI-powered chatbots and virtual assistants can provide 24/7 support to patients, answering questions, monitoring symptoms, and even triaging minor issues. This can improve access to care, especially in underserved areas, and free up human healthcare providers to focus on more complex cases.

These are just a few examples of how AI can be creatively applied in the healthcare domain to enhance patient care, improve outcomes, and make the system more efficient and accessible.",end_turn,24,240,claude-3-haiku-20240307,2,1159,167
Name three creative uses for artificial intelligence in healthcare.,You are a creative AI assistant.,0.3,"Here are three creative uses for artificial intelligence in healthcare:

1. AI-Powered Medical Imaging Analysis: AI algorithms can be trained to analyze medical images like X-rays, CT scans, and MRIs with superhuman accuracy. This can help doctors detect diseases and abnormalities earlier, leading to faster diagnoses and better patient outcomes.

2. Personalized Treatment Recommendations: AI systems can analyze a patient's medical history, genetics, and other data to recommend personalized treatment plans. This could lead to more effective, tailored therapies that take into account each individual's unique needs.

3. Virtual Nursing Assistants: AI-powered chatbots and virtual assistants can provide 24/7 support to patients, answering questions, monitoring symptoms, and even providing basic medical advice. This could improve access to healthcare, especially in underserved areas.

These are just a few examples of how AI can be creatively applied in the healthcare sector to improve patient outcomes, increase efficiency, and transform the delivery of medical services.",end_turn,24,222,claude-3-haiku-20240307,3,1080,152
Name three creative uses for artificial intelligence in healthcare.,You are a creative AI assistant.,0.3,"Here are three creative uses for artificial intelligence in healthcare:

1. AI-Powered Medical Imaging Analysis: AI algorithms can be trained to analyze medical images like X-rays, CT scans, and MRIs with superhuman accuracy and speed. This can help doctors detect diseases and abnormalities earlier, leading to faster diagnoses and better patient outcomes.

2. Personalized Treatment Recommendations: AI systems can analyze a patient's medical history, genetics, and other data to recommend personalized treatment plans. This could involve suggesting the most effective medications, dosages, or lifestyle changes based on the individual's unique profile.

3. Virtual Nursing Assistants: AI-powered chatbots and virtual assistants can provide 24/7 support to patients, answering questions, monitoring symptoms, and even triaging minor issues. This could help reduce the burden on human healthcare providers and improve access to care, especially in underserved areas.

These are just a few examples of how AI can be used creatively in the healthcare sector. As the technology continues to advance, we're likely to see even more innovative applications that improve patient outcomes and transform the delivery of medical care.",end_turn,24,248,claude-3-haiku-20240307,4,1225,176
Name three creative uses for artificial intelligence in healthcare.,You are a creative AI assistant.,0.3,"Here are three creative uses for artificial intelligence in healthcare:

1. Personalized Treatment Recommendations: AI algorithms can analyze a patient's medical history, genetic data, and other relevant information to provide personalized treatment recommendations tailored to their unique needs. This could help improve the effectiveness of treatments and reduce the risk of adverse reactions.

2. Early Disease Detection: AI-powered diagnostic tools can analyze medical images, such as X-rays, MRI scans, or pathology slides, to detect the early signs of diseases like cancer or neurological disorders. This could lead to earlier interventions and improved patient outcomes.

3. Virtual Nursing Assistants: AI-powered chatbots or virtual assistants could be used to provide 24/7 support and guidance to patients, answering their questions, monitoring their symptoms, and even providing basic medical advice. This could help reduce the burden on healthcare providers and improve patient engagement and self-care.

These are just a few examples of how AI can be used creatively in healthcare to enhance patient care, improve clinical decision-making, and optimize the delivery of healthcare services.",end_turn,24,235,claude-3-haiku-20240307,5,1201,170
Name three creative uses for artificial intelligence in healthcare.,You are a creative AI assistant.,0.3,"Here are three creative uses for artificial intelligence in healthcare:

1. AI-Powered Medical Imaging Analysis: AI algorithms can be trained to analyze medical images like X-rays, CT scans, and MRIs with superhuman accuracy. This can help doctors detect diseases and abnormalities earlier, leading to faster diagnoses and better patient outcomes.

2. Personalized Treatment Recommendations: AI systems can analyze a patient's medical history, genetics, and other data to recommend personalized treatment plans. This could lead to more effective, tailored therapies that take into account each individual's unique needs.

3. Virtual Nursing Assistants: AI-powered chatbots and virtual assistants can provide 24/7 support to patients, answering questions, monitoring symptoms, and even triaging minor medical issues. This could improve access to care, especially in underserved areas.

These are just a few examples of how AI can be used creatively in healthcare to enhance diagnosis, treatment, and patient engagement. The possibilities continue to expand as the technology advances.",end_turn,24,225,claude-3-haiku-20240307,6,1083,153
Name three creative uses for artificial intelligence in healthcare.,You are a creative AI assistant.,0.3,"Here are three creative uses for artificial intelligence in healthcare:

1. AI-Powered Medical Imaging Analysis: AI algorithms can be trained to analyze medical images like X-rays, CT scans, and MRIs with superhuman accuracy and speed. This can help healthcare providers detect diseases, injuries, and abnormalities more quickly and reliably.

2. Personalized Treatment Recommendations: AI systems can analyze a patient's medical history, genetics, lifestyle factors, and real-time health data to provide highly customized treatment recommendations and care plans. This can lead to more effective and tailored healthcare.

3. Virtual Nursing Assistants: AI-powered chatbots and virtual assistants can provide 24/7 support to patients, answering questions, monitoring symptoms, and even triaging cases to determine if in-person care is needed. This can improve access to healthcare and free up human clinicians.

These are just a few examples of how AI can be creatively applied in the healthcare sector to enhance diagnosis, treatment, and patient engagement. The possibilities continue to expand as the technology advances.",end_turn,24,233,claude-3-haiku-20240307,7,1124,160
Name three creative uses for artificial intelligence in healthcare.,You are a creative AI assistant.,0.3,"Here are three creative uses for artificial intelligence in healthcare:

1. AI-Powered Medical Imaging Analysis: AI algorithms can be trained to analyze medical images like X-rays, CT scans, and MRIs with superhuman accuracy. This can help clinicians detect diseases and abnormalities earlier, leading to faster diagnoses and better patient outcomes.

2. Personalized Treatment Recommendations: AI systems can analyze a patient's medical history, genetics, and other data to recommend personalized treatment plans. This could lead to more effective, tailored therapies that take into account each individual's unique needs.

3. Virtual Nursing Assistants: AI-powered chatbots and virtual assistants can provide 24/7 support to patients, answering questions, monitoring symptoms, and even triaging cases to determine if in-person care is needed. This could improve access to healthcare, especially in underserved areas.

These are just a few examples of how AI can be creatively applied in the healthcare sector to enhance patient care, improve outcomes, and make the system more efficient and accessible. The possibilities continue to grow as the technology advances.",end_turn,24,242,claude-3-haiku-20240307,8,1167,167
Name three creative uses for artificial intelligence in healthcare.,You are a creative AI assistant.,0.3,"Here are three creative uses for artificial intelligence in healthcare:

1. AI-Powered Medical Imaging Analysis: AI algorithms can be trained to analyze medical images like X-rays, CT scans, and MRIs with superhuman accuracy. This can help doctors detect diseases and abnormalities earlier, leading to faster diagnosis and treatment.

2. Personalized Treatment Recommendations: AI systems can analyze a patient's medical history, genetics, and other data to recommend personalized treatment plans and medications tailored to their unique needs. This can improve outcomes and reduce trial-and-error in prescribing.

3. Virtual Nursing Assistants: AI-powered chatbots and virtual assistants can provide 24/7 support to patients, answering questions, monitoring symptoms, and even providing basic medical advice. This can improve access to care, especially in underserved areas.",end_turn,24,187,claude-3-haiku-20240307,9,875,120
Name three creative uses for artificial intelligence in healthcare.,You are a creative AI assistant.,0.7,"Here are three creative uses for artificial intelligence in healthcare:

1. AI-Powered Personalized Treatment Plans: AI algorithms can analyze vast amounts of patient data, including medical history, genetic information, and real-time health monitoring, to develop personalized treatment plans tailored to an individual's unique needs. This could help healthcare providers deliver more effective and targeted therapies, improving patient outcomes.

2. AI-Assisted Diagnostic Tools: AI-powered diagnostic tools can analyze medical images, such as X-rays, CT scans, and MRI scans, to detect and identify potential health issues with greater accuracy and speed than human experts. This can help healthcare professionals make more informed and timely decisions, leading to earlier intervention and better patient care.

3. AI-Driven Virtual Nursing Assistants: AI-powered virtual nursing assistants can provide 24/7 support and guidance to patients, answering their questions, monitoring their symptoms, and even providing emotional support. These virtual assistants can help reduce the workload on healthcare providers, improve patient engagement, and ensure continuous care, especially for patients with chronic conditions or those living in remote areas.

These are just a few examples of how AI can be used creatively in healthcare to improve patient outcomes, enhance the efficiency of healthcare systems, and provide more personalized and accessible care.",end_turn,24,281,claude-3-haiku-20240307,0,1457,201
Name three creative uses for artificial intelligence in healthcare.,You are a creative AI assistant.,0.7,"Here are three creative uses for artificial intelligence in healthcare:

1. AI-Powered Medical Imaging Analysis: AI algorithms can be trained to analyze medical images like X-rays, CT scans, and MRIs with superhuman speed and accuracy. This can help physicians detect diseases, injuries, and abnormalities earlier and more reliably.

2. AI-Driven Personalized Treatment Recommendations: By analyzing a patient's medical history, genetics, and other data, AI systems can provide personalized treatment recommendations tailored to the individual. This could lead to more effective and precise therapies.

3. AI Chatbots for Mental Health Support: Conversational AI chatbots could provide 24/7 mental health support and counseling to patients, especially in areas with limited access to human therapists. These chatbots could use natural language processing to have empathetic dialogues and provide cognitive behavioral therapy techniques.

These are just a few examples of how artificial intelligence can be creatively applied in the healthcare field to improve patient outcomes, streamline processes, and expand access to care. The possibilities continue to grow as AI technologies advance.",end_turn,24,242,claude-3-haiku-20240307,1,1189,167
Name three creative uses for artificial intelligence in healthcare.,You are a creative AI assistant.,0.7,"Here are three creative uses for artificial intelligence in healthcare:

1. Personalized Treatment Recommendations: AI algorithms can analyze a patient's medical history, genetic data, and real-time health metrics to provide personalized treatment recommendations tailored to their unique needs. This could help optimize therapies, reduce trial-and-error, and improve patient outcomes.

2. Virtual Nursing Assistants: AI-powered chatbots and virtual assistants can help patients manage chronic conditions, provide symptom triage, and offer 24/7 access to medical advice. This could improve patient engagement, reduce unnecessary clinic visits, and free up healthcare providers to focus on complex cases.

3. Medical Imaging Analysis: AI can be trained to rapidly analyze medical images like X-rays, CT scans, and MRIs to detect anomalies, quantify disease progression, and assist radiologists in making more accurate and efficient diagnoses. This could lead to earlier interventions and better patient prognosis.

These are just a few examples of the creative ways AI is being applied in the healthcare sector to enhance patient care, improve operational efficiency, and advance medical research. The potential of this technology in the field of medicine is vast and continuously evolving.",end_turn,24,260,claude-3-haiku-20240307,2,1289,182
Name three creative uses for artificial intelligence in healthcare.,You are a creative AI assistant.,0.7,"Here are three creative uses for artificial intelligence in healthcare:

1. AI-powered medical imaging analysis: AI algorithms can be trained to analyze medical images like X-rays, CT scans, and MRIs with superhuman accuracy and speed. This can help clinicians detect diseases and abnormalities earlier and more reliably.

2. Personalized treatment recommendations: AI systems can analyze a patient's medical history, genetics, and other data to recommend the most optimal treatment plan tailored to their unique needs. This can improve outcomes and reduce trial-and-error in care.

3. AI-driven drug discovery: AI can accelerate the drug discovery process by rapidly scanning chemical compounds, predicting their properties, and simulating their interactions with biological targets. This could lead to the identification of promising new drug candidates.",end_turn,24,171,claude-3-haiku-20240307,3,856,121
Name three creative uses for artificial intelligence in healthcare.,You are a creative AI assistant.,0.7,"Here are three creative uses for artificial intelligence in healthcare:

1. AI-Powered Medical Imaging Analysis: AI algorithms can be trained to analyze medical images like X-rays, CT scans, and MRIs with superhuman accuracy and speed. This can help doctors detect diseases and abnormalities earlier, leading to faster diagnosis and treatment.

2. AI-Driven Clinical Decision Support: AI systems can synthesize vast amounts of medical data, research, and patient records to provide clinicians with real-time, personalized recommendations for treatment plans, medication dosages, and care management. This can improve patient outcomes and reduce medical errors.

3. AI-Enabled Virtual Nursing Assistants: Conversational AI chatbots can serve as virtual nursing assistants, providing patients with 24/7 access to medical information, symptom checking, appointment scheduling, and even emotional support. This can improve patient engagement and satisfaction, especially for those with chronic conditions.",end_turn,24,204,claude-3-haiku-20240307,4,1001,135
Name three creative uses for artificial intelligence in healthcare.,You are a creative AI assistant.,0.7,"Here are three creative uses for artificial intelligence in healthcare:

1. AI-Powered Medical Imaging Analysis: AI algorithms can be trained to analyze medical images like X-rays, CT scans, and MRIs with superhuman speed and accuracy. This can assist radiologists in detecting diseases and abnormalities earlier, leading to faster diagnoses and better patient outcomes.

2. Personalized Treatment Recommendations: AI systems can integrate a patient's medical history, genetic data, and real-time health metrics to provide highly customized treatment recommendations. This could help doctors deliver more precise, effective, and tailored care.

3. Virtual Nursing Assistants: AI-powered chatbots and virtual assistants can provide 24/7 support to patients, answering questions, monitoring symptoms, and even triaging minor issues. This can improve access to healthcare, especially in underserved areas, and free up medical staff to focus on more complex cases.",end_turn,24,202,claude-3-haiku-20240307,5,960,133
Name three creative uses for artificial intelligence in healthcare.,You are a creative AI assistant.,0.7,"Here are three creative uses for artificial intelligence in healthcare:

1. AI-Powered Medical Imaging Analysis: AI algorithms can be trained to analyze medical images such as X-rays, CT scans, and MRI scans with superhuman accuracy and speed. This can help healthcare providers make faster and more accurate diagnoses, leading to quicker treatment and better patient outcomes.

2. Personalized Treatment Recommendations: AI systems can analyze a patient's medical history, genetic data, and other relevant information to provide personalized treatment recommendations tailored to their unique needs. This can help improve the effectiveness of treatments and reduce the risk of adverse reactions.

3. Virtual Nursing Assistants: AI-powered chatbots and virtual assistants can be used to provide 24/7 support and guidance to patients, answering their questions, monitoring their symptoms, and even providing basic medical advice. This can help alleviate the burden on healthcare providers and improve patient engagement and satisfaction.

These are just a few examples of how AI can be used creatively in healthcare to improve patient outcomes, enhance the efficiency of healthcare systems, and drive innovation in the field.",end_turn,24,242,claude-3-haiku-20240307,6,1224,177
Name three creative uses for artificial intelligence in healthcare.,You are a creative AI assistant.,0.7,"Here are three creative uses for artificial intelligence in healthcare:

1. AI-Powered Medical Imaging Analysis: AI algorithms can be trained to analyze medical images like X-rays, CT scans, and MRIs with superhuman speed and accuracy. This can help doctors detect diseases and abnormalities earlier, leading to faster diagnoses and better patient outcomes.

2. Personalized Treatment Recommendations: AI systems can analyze a patient's medical history, genetics, and other data to recommend personalized treatment plans. This could involve suggesting the optimal medication dosages, lifestyle changes, or even novel therapies tailored to the individual.

3. AI-Driven Drug Discovery: AI can be used to rapidly screen millions of chemical compounds and identify promising drug candidates. This could drastically accelerate the notoriously slow and expensive drug development process, leading to new treatments for diseases that currently have limited options.",end_turn,24,189,claude-3-haiku-20240307,7,959,134
Name three creative uses for artificial intelligence in healthcare.,You are a creative AI assistant.,0.7,"Here are three creative uses for artificial intelligence in healthcare:

1. Personalized Treatment Recommendations: AI algorithms can analyze a patient's medical history, genetic data, and other relevant information to provide personalized treatment recommendations tailored to their unique needs. This could help healthcare providers make more informed decisions and improve patient outcomes.

2. Early Disease Detection: AI-powered diagnostic tools can analyze medical images, such as X-rays, CT scans, or MRI scans, to detect signs of disease at an earlier stage, potentially improving the chances of successful treatment and reducing healthcare costs.

3. Virtual Nursing Assistants: AI-powered chatbots or virtual assistants can be used to provide 24/7 support and guidance to patients, answering their questions, monitoring their symptoms, and even scheduling appointments or reminding them to take their medication. This could help improve patient engagement and self-management of their healthcare.

These are just a few examples of how AI can be used creatively in healthcare to enhance patient care, improve efficiency, and drive innovation. As AI technology continues to evolve, we can expect to see even more exciting and transformative applications in the healthcare industry.",end_turn,24,249,claude-3-haiku-20240307,8,1289,183
Name three creative uses for artificial intelligence in healthcare.,You are a creative AI assistant.,0.7,"Here are three creative uses for artificial intelligence in healthcare:

1. AI-Powered Clinical Decision Support: AI algorithms can analyze vast amounts of medical data, including patient records, research studies, and real-time health monitoring, to provide clinicians with personalized recommendations for diagnosis, treatment, and disease management. This can help improve the accuracy and speed of clinical decision-making, leading to better patient outcomes.

2. Predictive Analytics for Population Health: AI models can identify patterns and trends in population-level health data to predict the outbreak of diseases, anticipate resource needs, and proactively address public health challenges. This could enable healthcare systems to be more responsive and efficient in their service delivery.

3. Personalized Therapeutic Development: AI can be used to accelerate the drug discovery and development process by simulating molecular interactions, predicting drug efficacy and safety, and identifying novel therapeutic targets. This could lead to the creation of more personalized, effective, and safe treatments for a wide range of medical conditions.",end_turn,24,214,claude-3-haiku-20240307,9,1157,158
Name three creative uses for artificial intelligence in healthcare.,You are a creative AI assistant.,1.0,"Here are three creative uses for artificial intelligence in healthcare:

1. Predictive Analytics for Early Disease Detection: AI systems can analyze large datasets of patient health information, medical records, and diagnostic test results to identify patterns and risk factors that could signal the early onset of diseases. This could allow for earlier intervention and more effective treatment.

2. Personalized Treatment Recommendations: AI algorithms can sift through a patient's unique genetic profile, medical history, and real-time health data to recommend customized treatment plans and medication dosages. This personalized approach can improve outcomes and reduce trial-and-error in care.

3. Intelligent Chatbots for Patient Support: AI-powered chatbots and virtual assistants can provide 24/7 access to medical information, symptom checking, appointment scheduling, and even emotional support for patients. This can improve patient engagement and free up healthcare providers to focus on higher-level care.

These are just a few examples of how artificial intelligence is being creatively applied in the healthcare industry to enhance diagnosis, treatment, and patient experience. The possibilities continue to expand as the technology advances.",end_turn,24,237,claude-3-haiku-20240307,0,1257,173
Name three creative uses for artificial intelligence in healthcare.,You are a creative AI assistant.,1.0,"Here are three creative uses for artificial intelligence in healthcare:

1. Personalized Treatment Recommendations: AI algorithms can analyze a patient's medical history, genetic data, and real-time health indicators to provide personalized treatment recommendations tailored to their unique needs. This can help identify the most effective therapies and minimize the risk of adverse reactions.

2. Early Disease Detection: AI-powered diagnostic tools can scan medical images, such as MRIs or X-rays, and detect subtle patterns that may indicate the presence of diseases, often before they become clinically apparent. This can enable early intervention and improved patient outcomes.

3. Virtual Nursing Assistants: AI-driven chatbots and virtual assistants can provide 24/7 support and guidance to patients, answering questions, providing medication reminders, and even monitoring symptoms. This can enhance patient engagement, improve self-management, and reduce the burden on healthcare providers.",end_turn,24,196,claude-3-haiku-20240307,1,1000,135
Name three creative uses for artificial intelligence in healthcare.,You are a creative AI assistant.,1.0,"Here are three creative uses for artificial intelligence in healthcare:

1. AI-Powered Medical Imaging Analysis: AI algorithms can be trained to analyze medical images, such as X-rays, CT scans, and MRI scans, with superhuman accuracy and speed. This can help healthcare providers to detect diseases and abnormalities more quickly and effectively, leading to earlier interventions and improved patient outcomes.

2. Personalized Treatment Recommendations: AI can be used to analyze a patient's medical history, genetic data, and other relevant information to generate personalized treatment recommendations. This could involve suggesting the most appropriate medications, dosages, or even lifestyle changes based on the individual's unique circumstances.

3. Intelligent Virtual Nursing Assistants: AI-powered chatbots or virtual assistants could be designed to provide 24/7 support and guidance to patients, answering their questions, monitoring their symptoms, and even scheduling appointments or medication reminders. This could help to improve patient engagement, reduce the burden on healthcare staff, and ensure that patients receive the care they need, when they need it.

These are just a few examples of the creative ways in which artificial intelligence can be applied in the healthcare industry. As the technology continues to evolve, we can expect to see even more innovative and transformative applications in the years to come.",end_turn,24,281,claude-3-haiku-20240307,2,1441,206
Name three creative uses for artificial intelligence in healthcare.,You are a creative AI assistant.,1.0,"Here are three creative uses for artificial intelligence in healthcare:

1. AI-Powered Medical Imaging Analysis: AI algorithms can be trained to analyze medical imaging data, such as X-rays, CT scans, and MRI images, with unprecedented speed and accuracy. This could help clinicians make faster and more reliable diagnoses, leading to earlier interventions and improved patient outcomes.

2. Personalized Treatment Recommendations: AI systems can integrate vast amounts of patient data, including medical history, genetic information, and real-time health monitoring, to provide personalized treatment recommendations tailored to the individual's unique needs. This could lead to more effective and targeted therapies.

3. AI-Driven Virtual Nursing Assistants: Conversational AI chatbots or voice-based virtual assistants could be used to provide patients with 24/7 access to healthcare information, symptom checking, and even basic medical advice. This could improve access to healthcare, especially in underserved or remote areas, and free up clinicians to focus on more complex cases.",end_turn,24,224,claude-3-haiku-20240307,3,1087,151
Name three creative uses for artificial intelligence in healthcare.,You are a creative AI assistant.,1.0,"Here are three creative uses for artificial intelligence in healthcare:

1. AI-Powered Medical Imaging Analysis: AI algorithms can analyze medical images, such as X-rays, CT scans, and MRI scans, with superhuman speed and accuracy. This can assist doctors in earlier disease detection, more precise diagnoses, and personalized treatment planning.

2. Conversational AI Chatbots for Patient Support: AI-driven chatbots can engage in natural language conversations to provide personalized health information, schedule appointments, and offer emotional support to patients. This can improve patient engagement and access to healthcare services.

3. AI-Driven Drug Discovery and Development: AI can be used to accelerate the drug discovery process by identifying promising drug candidates, predicting drug-target interactions, and simulating clinical trials. This can lead to the development of new, more effective treatments in a fraction of the time and cost of traditional methods.

These are just a few examples of the creative ways AI can be applied in the healthcare sector to improve patient outcomes, increase efficiency, and drive medical innovation.",end_turn,24,229,claude-3-haiku-20240307,4,1155,165
Name three creative uses for artificial intelligence in healthcare.,You are a creative AI assistant.,1.0,"Here are three creative uses for artificial intelligence in healthcare:

1. Personalized Treatment Recommendations: AI algorithms can analyze a patient's medical history, genetic data, and other relevant information to provide personalized treatment recommendations tailored to their specific needs. This could help improve the effectiveness of therapies and reduce the risk of adverse reactions.

2. Early Disease Detection: AI models can be trained to analyze medical images, such as X-rays, MRI scans, or pathology slides, to detect the early signs of diseases, often more accurately than human experts. This could lead to earlier interventions and better patient outcomes.

3. Virtual Nursing Assistants: AI-powered chatbots or virtual nursing assistants could be used to provide patients with 24/7 access to medical information, guidance, and support. These assistants could help patients manage their conditions, answer questions, and even detect potential health issues, freeing up healthcare providers to focus on more complex cases.",end_turn,24,206,claude-3-haiku-20240307,5,1041,148
Name three creative uses for artificial intelligence in healthcare.,You are a creative AI assistant.,1.0,"Here are three creative uses for artificial intelligence in healthcare:

1. AI-Powered Medical Imaging Analysis: AI algorithms can analyze medical images such as X-rays, CT scans, and MRIs with high accuracy, helping healthcare professionals detect anomalies, diagnose conditions, and monitor disease progression more efficiently. This can lead to earlier intervention and improved patient outcomes.

2. Personalized Treatment Recommendations: AI can analyze a patient's medical history, genetics, and lifestyle data to provide personalized treatment recommendations. This could include suggesting the most effective medications, predicting potential side effects, and optimizing dosages for individual patients.

3. AI-Driven Virtual Nursing Assistants: Conversational AI chatbots or virtual assistants can be used to provide 24/7 support and guidance to patients. These AI-powered virtual nurses can answer questions, provide health education, monitor symptoms, and even schedule appointments, freeing up human healthcare providers to focus on more complex tasks.",end_turn,24,211,claude-3-haiku-20240307,6,1065,141
Name three creative uses for artificial intelligence in healthcare.,You are a creative AI assistant.,1.0,"Here are three creative uses for artificial intelligence (AI) in healthcare:

1. Personalized Treatment Recommendations: AI algorithms can analyze vast amounts of medical data, including patient health records, genetic information, and treatment outcomes, to provide personalized recommendations for the most effective treatments tailored to an individual's unique circumstances. This can help healthcare providers make more informed decisions and improve patient outcomes.

2. Automated Diagnostic Tools: AI-powered diagnostic tools can assist healthcare professionals in analyzing medical images, such as X-rays, MRI scans, and pathology slides, to detect anomalies and patterns that may indicate the presence of diseases or conditions. This can help with early detection, improve diagnostic accuracy, and reduce the workload of healthcare providers.

3. Virtual Nursing Assistants: AI-powered virtual nursing assistants can provide 24/7 support to patients, answering questions, monitoring vital signs, and providing reminders for medication and appointments. These assistants can help improve patient engagement, adherence to treatment plans, and overall healthcare outcomes, especially for patients with chronic conditions or limited access to healthcare services.

These are just a few examples of the creative ways AI can be used in healthcare. As the technology continues to evolve, we can expect to see even more innovative applications that can transform the way healthcare is delivered and improve the lives of patients.",end_turn,24,286,claude-3-haiku-20240307,7,1531,212
Name three creative uses for artificial intelligence in healthcare.,You are a creative AI assistant.,1.0,"Here are three creative uses for artificial intelligence in healthcare:

1. AI-Powered Personalized Medicine: AI algorithms can analyze large datasets of patient information, genetics, and medical history to help predict an individual's risk of developing certain diseases. This can enable more personalized treatment plans and preventive care strategies tailored to a patient's unique needs.

2. AI-Assisted Diagnostic Imaging: AI systems can be trained to analyze medical images like X-rays, MRIs, and CT scans with superhuman speed and accuracy. This can help clinicians identify subtle abnormalities or patterns that may be missed by the human eye, leading to earlier disease detection and better patient outcomes.

3. AI-Driven Virtual Nursing Assistants: Conversational AI chatbots and voice assistants can be deployed to provide 24/7 support and guidance to patients. These virtual nurses can answer questions, provide care instructions, monitor symptoms, and even detect early signs of health issues, helping to improve patient engagement and reduce the workload on human healthcare providers.",end_turn,24,226,claude-3-haiku-20240307,8,1101,158
Name three creative uses for artificial intelligence in healthcare.,You are a creative AI assistant.,1.0,"Here are three creative uses for artificial intelligence in healthcare:

1. Personalized Treatment Recommendations: AI algorithms can analyze vast amounts of patient data, including medical records, genetic information, and lifestyle factors, to provide personalized treatment recommendations tailored to an individual's unique needs. This can help improve outcomes and reduce the risk of adverse effects.

2. Early Disease Detection and Diagnosis: AI-powered medical imaging analysis tools can detect subtle patterns and anomalies in medical scans, such as X-rays, MRIs, and CT scans, that may be indicative of various diseases. This can lead to earlier diagnosis and intervention, potentially improving patient outcomes.

3. Virtual Nursing Assistants: AI-powered chatbots and virtual assistants can be used to provide 24/7 support and guidance to patients, answering questions, monitoring symptoms, and providing reminders for medication and appointments. This can help improve patient engagement, adherence, and overall healthcare delivery.

These are just a few examples of how AI can be creatively applied in the healthcare field. As the technology continues to evolve, there are likely many more innovative use cases that will emerge, revolutionizing the way healthcare is delivered and improving patient outcomes.",end_turn,24,261,claude-3-haiku-20240307,9,1321,186
